term_key,arabic,display
Dialogue System/Item-Quest/1/Description,التقِ بمريم عند مدخل المطار,رﺎﻄﻤﻟا ﻞﺧﺪﻣ ﺪﻨﻋ ﻢﻳﺮﻤﺑ ﻖﺘﻟا
Dialogue System/Item-Quest/1/Display Name,التقِ بمريم,ﻢﻳﺮﻤﺑ ﻖﺘﻟا
Dialogue System/Item-Quest/10/Description,تريد مريم أن تكون ورشتك جاهزة للعمل. أولًا، توجّه إلى قاعة المدينة، ثم وقّع عقد كهرباء مع فيكتور لإنارة المزرعة. قم ببناء طاولة عملك وانتهِ من خلال التحقق من استخدام الطاقة في مزرعتك لمعرفة مقدار الطاقة التي تسحبها.,.ﺎﻬﺒﺤﺴﺗ ﻲﺘﻟا ﺔﻗﺎﻄﻟا راﺪﻘﻣ ﺔﻓﺮﻌﻤﻟ ﻚﺘﻋرﺰﻣ ﻲﻓ ﺔﻗﺎﻄﻟا ماﺪﺨﺘﺳا ﻦﻣ ﻖﻘﺤﺘﻟا لﻼﺧ ﻦﻣ ﻪﺘﻧاو ﻚﻠﻤﻋ ﺔﻟوﺎﻃ ءﺎﻨﺒﺑ ﻢﻗ .ﺔﻋرﺰﻤﻟا ةرﺎﻧﻹ رﻮﺘﻜﻴﻓ ﻊﻣ ءﺎﺑﺮﻬﻛ ﺪﻘﻋ ﻊﻗو ﻢﺛ ،ﺔﻨﻳﺪﻤﻟا ﺔﻋﺎﻗ ىﻟإ ﻪﺟﻮﺗ ،ﻻوأ .ﻞﻤﻌﻠﻟ ةﺰﻫﺎﺟ ﻚﺘﺷرو نﻮﻜﺗ نأ ﻢﻳﺮﻣ ﺪﻳﺮﺗ
Dialogue System/Item-Quest/10/Display Name,وفّر الطاقة إلى طاولة عملك,ﻚﻠﻤﻋ ﺔﻟوﺎﻃ ىﻟإ ﺔﻗﺎﻄﻟا ﺮﻓو
Dialogue System/Item-Quest/10/Entry 1,احتفظ بـ 1000 C على الأقل في البنك,ﻚﻨﺒﻟا ﻲﻓ ﻞﻗﻷا ىﻠﻋ C 1000 ـﺑ ﻆﻔﺘﺣا
Dialogue System/Item-Quest/10/Entry 2,قم بزيارة قاعة المدينة,ﺔﻨﻳﺪﻤﻟا ﺔﻋﺎﻗ ةرﺎﻳﺰﺑ ﻢﻗ
Dialogue System/Item-Quest/10/Entry 3,وقّع عقد كهرباء مع فيكتور,رﻮﺘﻜﻴﻓ ﻊﻣ ءﺎﺑﺮﻬﻛ ﺪﻘﻋ ﻊﻗو
Dialogue System/Item-Quest/10/Entry 4,قم ببناء طاولة عمل في مزرعتك,ﻚﺘﻋرﺰﻣ ﻲﻓ ﻞﻤﻋ ﺔﻟوﺎﻃ ءﺎﻨﺒﺑ ﻢﻗ
Dialogue System/Item-Quest/10/Entry 5,تحقق من استخدام الطاقة في مزرعتك,ﻚﺘﻋرﺰﻣ ﻲﻓ ﺔﻗﺎﻄﻟا ماﺪﺨﺘﺳا ﻦﻣ ﻖﻘﺤﺗ
Dialogue System/Item-Quest/11/Description,سكوت على حق - حان الوقت لاستبدال السطوح المتحركة بجدران. افتح تطبيق الحرف اليدوية، واحصل على المخططات المنزلية، وضع أساسًا، وارفع الجدران والسقف، ثم ضع سريرًا وصندوقًا للنوم والتخزين الحقيقيين. قم ببناء منزل مناسب للدفء والراحة وعدد أقل من حفلات أزيز البعوض في منتصف الليل.,.ﻞﻴﻠﻟا ﻒﺼﺘﻨﻣ ﻲﻓ ضﻮﻌﺒﻟا ﺰﻳزأ تﻼﻔﺣ ﻦﻣ ﻞﻗأ دﺪﻋو ﺔﺣاﺮﻟاو ءفﺪﻠﻟ ﺐﺳﺎﻨﻣ لﺰﻨﻣ ءﺎﻨﺒﺑ ﻢﻗ .ﻦﻴﻴﻘﻴﻘﺤﻟا ﻦﻳﺰﺨﺘﻟاو مﻮﻨﻠﻟ ﺎﻗوﺪﻨﺻو اﺮﻳﺮﺳ ﻊﺿ ﻢﺛ ،ﻒﻘﺴﻟاو نارﺪﺠﻟا ﻊﻓراو ،ﺎﺳﺎﺳأ ﻊﺿو ،ﺔﻴﻟﺰﻨﻤﻟا تﺎﻄﻄﺨﻤﻟا ىﻠﻋ ﻞﺼﺣاو ،ﺔﻳوﺪﻴﻟا فﺮﺤﻟا ﻖﻴﺒﻄﺗ ﺢﺘﻓا .نارﺪﺠﺑ ﺔﻛﺮﺤﺘﻤﻟا حﻮﻄﺴﻟا لاﺪﺒﺘﺳﻻ ﺖﻗﻮﻟا نﺎﺣ - ﻖﺣ ىﻠﻋ تﻮﻜﺳ
Dialogue System/Item-Quest/11/Display Name,وداعًا، قصر النايلون!,!نﻮﻠﻳﺎﻨﻟا ﺮﺼﻗ ،ﺎﻋادو
Dialogue System/Item-Quest/11/Entry 1,اصنع صندوق تخزين وضعه في مكانه,ﻪﻧﺎﻜﻣ ﻲﻓ ﻪﻌﺿو ﻦﻳﺰﺨﺗ قوﺪﻨﺻ ﻊﻨﺻا
Dialogue System/Item-Quest/11/Entry 10,اصنع سريرًا وضعه في مكانه,ﻪﻧﺎﻜﻣ ﻲﻓ ﻪﻌﺿو اﺮﻳﺮﺳ ﻊﻨﺻا
Dialogue System/Item-Quest/11/Entry 2,ابنِ 9 أساسات للمنزل على الأقل,ﻞﻗﻷا ىﻠﻋ لﺰﻨﻤﻠﻟ تﺎﺳﺎﺳأ 9 ﻦﺑا
Dialogue System/Item-Quest/11/Entry 3,ابنِ 9 جدران خارجية على الأقل,ﻞﻗﻷا ىﻠﻋ ﺔﻴﺟرﺎﺧ نارﺪﺟ 9 ﻦﺑا
Dialogue System/Item-Quest/11/Entry 4,ابنِ جدارين خارجيين على الأقل مع نافذة,ةﺬﻓﺎﻧ ﻊﻣ ﻞﻗﻷا ىﻠﻋ ﻦﻴﻴﺟرﺎﺧ ﻦﻳراﺪﺟ ﻦﺑا
Dialogue System/Item-Quest/11/Entry 5,اصنع النوافذ وضعها في أماكنها,ﺎﻬﻨﻛﺎﻣأ ﻲﻓ ﺎﻬﻌﺿو ﺬﻓاﻮﻨﻟا ﻊﻨﺻا
Dialogue System/Item-Quest/11/Entry 6,ابنِ جدارًا خارجيًا واحدًا على الأقل مع باب,بﺎﺑ ﻊﻣ ﻞﻗﻷا ىﻠﻋ اﺪﺣاو ﺎﻴﺟرﺎﺧ اراﺪﺟ ﻦﺑا
Dialogue System/Item-Quest/11/Entry 7,اصنع بابًا وضعه في مكانه,ﻪﻧﺎﻜﻣ ﻲﻓ ﻪﻌﺿو ﺎﺑﺎﺑ ﻊﻨﺻا
Dialogue System/Item-Quest/11/Entry 8,اصنع وضع عتبة عند الباب,بﺎﺒﻟا ﺪﻨﻋ ﺔﺒﺘﻋ ﻊﺿو ﻊﻨﺻا
Dialogue System/Item-Quest/11/Entry 9,أضف سقفًا,ﺎﻔﻘﺳ ﻒﺿأ
Dialogue System/Item-Quest/12/Description,تتصل جيجي لطلب توصيل من مقر NovaGen. في طريق الخروج، ستعرفك على كريس وتحصلان على أول تجربة لكما حول ما تدور حوله NovaGen. بعد اللقاء والترحيب، اصطحب جيجي إلى المنزل، ثم انتقل إلى سوق ليفي لشراء بذور إضافية وتوسيع حقولك.,.ﻚﻟﻮﻘﺣ ﻊﻴﺳﻮﺗو ﺔﻴﻓﺎﺿإ روﺬﺑ ءاﺮﺸﻟ ﻲﻔﻴﻟ قﻮﺳ ىﻟإ ﻞﻘﺘﻧا ﻢﺛ ،لﺰﻨﻤﻟا ىﻟإ ﻲﺠﻴﺟ ﺐﺤﻄﺻا ،ﺐﻴﺣﺮﺘﻟاو ءﺎﻘﻠﻟا ﺪﻌﺑ .NovaGen ﻪﻟﻮﺣ روﺪﺗ ﺎﻣ لﻮﺣ ﺎﻤﻜﻟ ﺔﺑﺮﺠﺗ لوأ ىﻠﻋ نﻼﺼﺤﺗو ﺲﻳﺮﻛ ىﻠﻋ ﻚﻓﺮﻌﺘﺳ ،جوﺮﺨﻟا ﻖﻳﺮﻃ ﻲﻓ .NovaGen ﺮﻘﻣ ﻦﻣ ﻞﻴﺻﻮﺗ ﺐﻠﻄﻟ ﻲﺠﻴﺟ ﻞﺼﺘﺗ
Dialogue System/Item-Quest/12/Display Name,رحلة واكتشاف,فﺎﺸﺘﻛاو ﺔﻠﺣر
Dialogue System/Item-Quest/12/Entry 1,اذهب إلى مقر NovaGen,NovaGen ﺮﻘﻣ ىﻟإ ﺐﻫذا
Dialogue System/Item-Quest/12/Entry 2,تحدّث مع جيجي,ﻲﺠﻴﺟ ﻊﻣ ثﺪﺤﺗ
Dialogue System/Item-Quest/12/Entry 3,تحدّث مع كريس,ﺲﻳﺮﻛ ﻊﻣ ثﺪﺤﺗ
Dialogue System/Item-Quest/12/Entry 4,تحدّث مع جيجي مرة أخرى,ىﺮﺧأ ةﺮﻣ ﻲﺠﻴﺟ ﻊﻣ ثﺪﺤﺗ
Dialogue System/Item-Quest/12/Entry 5,اذهب إلى سوق ليفي,ﻲﻔﻴﻟ قﻮﺳ ىﻟإ ﺐﻫذا
Dialogue System/Item-Quest/12/Entry 6,اشترِ المزيد من البذور,روﺬﺒﻟا ﻦﻣ ﺪﻳﺰﻤﻟا ﺮﺘﺷا
Dialogue System/Item-Quest/12/Entry 7,أوصل جيجي إلى المنزل,لﺰﻨﻤﻟا ىﻟإ ﻲﺠﻴﺟ ﻞﺻوأ
Dialogue System/Item-Quest/12/Entry 8,قل وداعًا لجيجي,ﻲﺠﻴﺠﻟ ﺎﻋادو ﻞﻗ
Dialogue System/Item-Quest/13/Description,قم بتنمية كلا الجانبين من الدفتر: احصل على المزيد من قطع الأراضي المزروعة وادفع مدخراتك المصرفية. قم بالتخزين في سوق ليفي، وحافظ على سقي تلك الأراضي، واستفد من المحاصيل حتى يتم تحقيق كلا الهدفين.,.ﻦﻴﻓﺪﻬﻟا ﻼﻛ ﻖﻴﻘﺤﺗ ﻢﺘﻳ ىﺘﺣ ﻞﻴﺻﺎﺤﻤﻟا ﻦﻣ ﺪﻔﺘﺳاو ،ﻲﺿارﻷا ﻚﻠﺗ ﻲﻘﺳ ىﻠﻋ ﻆﻓﺎﺣو ،ﻲﻔﻴﻟ قﻮﺳ ﻲﻓ ﻦﻳﺰﺨﺘﻟﺎﺑ ﻢﻗ .ﺔﻴﻓﺮﺼﻤﻟا ﻚﺗاﺮﺧﺪﻣ ﻊﻓداو ﺔﻋورﺰﻤﻟا ﻲﺿارﻷا ﻊﻄﻗ ﻦﻣ ﺪﻳﺰﻤﻟا ىﻠﻋ ﻞﺼﺣا :ﺮﺘﻓﺪﻟا ﻦﻣ ﻦﻴﺒﻧﺎﺠﻟا ﻼﻛ ﺔﻴﻤﻨﺘﺑ ﻢﻗ
Dialogue System/Item-Quest/13/Display Name,رأس المال المخصص للبذور,روﺬﺒﻠﻟ ﺺﺼﺨﻤﻟا لﺎﻤﻟا سأر
Dialogue System/Item-Quest/13/Entry 1,احصل على 32 قطعة أرض مزروعة على الأقل,ﻞﻗﻷا ىﻠﻋ ﺔﻋورﺰﻣ ضرأ ﺔﻌﻄﻗ 32 ىﻠﻋ ﻞﺼﺣا
Dialogue System/Item-Quest/13/Entry 2,احتفظ بـ 10500 C على الأقل في حسابك,ﻚﺑﺎﺴﺣ ﻲﻓ ﻞﻗﻷا ىﻠﻋ C 10500 ـﺑ ﻆﻔﺘﺣا
Dialogue System/Item-Quest/14/Description,اشترِ مخطط القن من ميريام وقم ببنائه. ثم قابل أنجيلا لشراء الديك والدجاج، وضعهم في قنك الجديد. تهانينا، لقد أضفت للتو قوة الدواجن إلى مزرعتك!,!ﻚﺘﻋرﺰﻣ ىﻟإ ﻦﺟاوﺪﻟا ةﻮﻗ ﻮﺘﻠﻟ ﺖﻔﺿأ ﺪﻘﻟ ،ﺎﻨﻴﻧﺎﻬﺗ .ﺪﻳﺪﺠﻟا ﻚﻨﻗ ﻲﻓ ﻢﻬﻌﺿو ،جﺎﺟﺪﻟاو ﻚﻳﺪﻟا ءاﺮﺸﻟ ﻼﻴﺠﻧأ ﻞﺑﺎﻗ ﻢﺛ .ﻪﺋﺎﻨﺒﺑ ﻢﻗو مﺎﻳﺮﻴﻣ ﻦﻣ ﻦﻘﻟا ﻂﻄﺨﻣ ﺮﺘﺷا
Dialogue System/Item-Quest/14/Display Name,أحلام القن,ﻦﻘﻟا مﻼﺣأ
Dialogue System/Item-Quest/14/Entry 1,اجمع 15 حجرًا,اﺮﺠﺣ 15 ﻊﻤﺟا
Dialogue System/Item-Quest/14/Entry 2,اجمع 20 جذعًا خشبيًا,ﺎﻴﺒﺸﺧ ﺎﻋﺬﺟ 20 ﻊﻤﺟا
Dialogue System/Item-Quest/14/Entry 3,اجمع 15 حزمة من القش,ﺶﻘﻟا ﻦﻣ ﺔﻣﺰﺣ 15 ﻊﻤﺟا
Dialogue System/Item-Quest/14/Entry 4,وفر 5760 C على الأقل,ﻞﻗﻷا ىﻠﻋ C 5760 ﺮﻓو
Dialogue System/Item-Quest/14/Entry 5,اشترِ مخطط القن من ميريام,مﺎﻳﺮﻴﻣ ﻦﻣ ﻦﻘﻟا ﻂﻄﺨﻣ ﺮﺘﺷا
Dialogue System/Item-Quest/14/Entry 6,بناء قن الدجاج,جﺎﺟﺪﻟا ﻦﻗ ءﺎﻨﺑ
Dialogue System/Item-Quest/14/Entry 7,اذهب إلى مزرعة أنجيلا,ﻼﻴﺠﻧأ ﺔﻋرﺰﻣ ىﻟإ ﺐﻫذا
Dialogue System/Item-Quest/14/Entry 8,اشترِ دجاجتين على الأقل,ﻞﻗﻷا ىﻠﻋ ﻦﻴﺘﺟﺎﺟد ﺮﺘﺷا
Dialogue System/Item-Quest/14/Entry 9,ضعهما في قن دجاجاتك,ﻚﺗﺎﺟﺎﺟد ﻦﻗ ﻲﻓ ﺎﻤﻬﻌﺿ
Dialogue System/Item-Quest/15/Description,يريد سكوت أن تكون فاتورتك تحت السيطرة. تفضل بزيارة قاعة المدينة وقابل مريم، واشترِ مخطط الألواح الشمسية، واصنع الألواح، وضعها في مكان مشمس، وقم بتوصيلها بخطك. قلل من استهلاكك، وكن صديقًا للبيئة، واكسب الأرصدة عندما يتدفق فائضك مرة أخرى إلى المدينة.,.ﺔﻨﻳﺪﻤﻟا ىﻟإ ىﺮﺧأ ةﺮﻣ ﻚﻀﺋﺎﻓ ﻖﻓﺪﺘﻳ ﺎﻣﺪﻨﻋ ةﺪﺻرﻷا ﺐﺴﻛاو ،ﺔﺌﻴﺒﻠﻟ ﺎﻘﻳﺪﺻ ﻦﻛو ،ﻚﻛﻼﻬﺘﺳا ﻦﻣ ﻞﻠﻗ .ﻚﻄﺨﺑ ﺎﻬﻠﻴﺻﻮﺘﺑ ﻢﻗو ،ﺲﻤﺸﻣ نﺎﻜﻣ ﻲﻓ ﺎﻬﻌﺿو ،حاﻮﻟﻷا ﻊﻨﺻاو ،ﺔﻴﺴﻤﺸﻟا حاﻮﻟﻷا ﻂﻄﺨﻣ ﺮﺘﺷاو ،ﻢﻳﺮﻣ ﻞﺑﺎﻗو ﺔﻨﻳﺪﻤﻟا ﺔﻋﺎﻗ ةرﺎﻳﺰﺑ ﻞﻀﻔﺗ .ةﺮﻄﻴﺴﻟا ﺖﺤﺗ ﻚﺗرﻮﺗﺎﻓ نﻮﻜﺗ نأ تﻮﻜﺳ ﺪﻳﺮﻳ
Dialogue System/Item-Quest/15/Display Name,ترويض العداد!,!داﺪﻌﻟا ﺾﻳوﺮﺗ
Dialogue System/Item-Quest/15/Entry 1,تحقق من عداد الكهرباء ولاحظ وحدات الطاقة اليومية.,.ﺔﻴﻣﻮﻴﻟا ﺔﻗﺎﻄﻟا تاﺪﺣو ﻆﺣﻻو ءﺎﺑﺮﻬﻜﻟا داﺪﻋ ﻦﻣ ﻖﻘﺤﺗ
Dialogue System/Item-Quest/15/Entry 2,اشترِ العديد من مخططات الألواح الشمسية حسب حاجتك من مريم.,.ﻢﻳﺮﻣ ﻦﻣ ﻚﺘﺟﺎﺣ ﺐﺴﺣ ﺔﻴﺴﻤﺸﻟا حاﻮﻟﻷا تﺎﻄﻄﺨﻣ ﻦﻣ ﺪﻳﺪﻌﻟا ﺮﺘﺷا
Dialogue System/Item-Quest/15/Entry 3,ضع الألواح الشمسية وقم ببنائها.,.ﺎﻬﺋﺎﻨﺒﺑ ﻢﻗو ﺔﻴﺴﻤﺸﻟا حاﻮﻟﻷا ﻊﺿ
Dialogue System/Item-Quest/15/Entry 4,اجعل مزرعتك موفرة للكهرباء.,.ءﺎﺑﺮﻬﻜﻠﻟ ةﺮﻓﻮﻣ ﻚﺘﻋرﺰﻣ ﻞﻌﺟا
Dialogue System/Item-Quest/16/Description,اكتشف ما يمكن أن تفعله الرعاية العضوية. اجمع اثنتي عشرة بيضة من دجاجاتك وقم بتسليمها إلى الموقع المثبت على هاتفك. ستضيف جيجي عينتك إلى مقارنة NovaGen وترسل لك مكافأة صغيرة.,.ةﺮﻴﻐﺻ ةﺄﻓﺎﻜﻣ ﻚﻟ ﻞﺳﺮﺗو NovaGen ﺔﻧرﺎﻘﻣ ىﻟإ ﻚﺘﻨﻴﻋ ﻲﺠﻴﺟ ﻒﻴﻀﺘﺳ .ﻚﻔﺗﺎﻫ ىﻠﻋ ﺖﺒﺜﻤﻟا ﻊﻗﻮﻤﻟا ىﻟإ ﺎﻬﻤﻴﻠﺴﺘﺑ ﻢﻗو ﻚﺗﺎﺟﺎﺟد ﻦﻣ ﺔﻀﻴﺑ ةﺮﺸﻋ ﻲﺘﻨﺛا ﻊﻤﺟا .ﺔﻳﻮﻀﻌﻟا ﺔﻳﺎﻋﺮﻟا ﻪﻠﻌﻔﺗ نأ ﻦﻜﻤﻳ ﺎﻣ ﻒﺸﺘﻛا
Dialogue System/Item-Quest/16/Display Name,بيض حقيقي، دليل حقيقي!,!ﻲﻘﻴﻘﺣ ﻞﻴﻟد ،ﻲﻘﻴﻘﺣ ﺾﻴﺑ
Dialogue System/Item-Quest/16/Entry 1,اجمع بيضتي دجاج عضوي كبيرتين من حظيرتك,ﻚﺗﺮﻴﻈﺣ ﻦﻣ ﻦﻴﺗﺮﻴﺒﻛ يﻮﻀﻋ جﺎﺟد ﻲﺘﻀﻴﺑ ﻊﻤﺟا
Dialogue System/Item-Quest/16/Entry 2,التقِ بجيجي,ﻲﺠﻴﺠﺑ ﻖﺘﻟا
Dialogue System/Item-Quest/16/Entry 3,اهرب من الشرطة!,!ﺔﻃﺮﺸﻟا ﻦﻣ بﺮﻫا
Dialogue System/Item-Quest/16/Entry 4,أوصل جيجي إلى المنزل,لﺰﻨﻤﻟا ىﻟإ ﻲﺠﻴﺟ ﻞﺻوأ
Dialogue System/Item-Quest/16/Entry 5,تحدّث إلى جيجي,ﻲﺠﻴﺟ ىﻟإ ثﺪﺤﺗ
Dialogue System/Item-Quest/2/Description,اتبع ميريام وقم بالقيادة إلى مزرعتك,ﻚﺘﻋرﺰﻣ ىﻟإ ةدﺎﻴﻘﻟﺎﺑ ﻢﻗو مﺎﻳﺮﻴﻣ ﻊﺒﺗا
Dialogue System/Item-Quest/2/Display Name,بداية جديدة!,!ةﺪﻳﺪﺟ ﺔﻳاﺪﺑ
Dialogue System/Item-Quest/2/Entry 1,تول القيادة في سيارة ميريام,مﺎﻳﺮﻴﻣ ةرﺎﻴﺳ ﻲﻓ ةدﺎﻴﻘﻟا لﻮﺗ
Dialogue System/Item-Quest/2/Entry 2,انتظر حتى تدخل ميريام السيارة,ةرﺎﻴﺴﻟا مﺎﻳﺮﻴﻣ ﻞﺧﺪﺗ ىﺘﺣ ﺮﻈﺘﻧا
Dialogue System/Item-Quest/2/Entry 3,قم بالقيادة إلى مزرعتك,ﻚﺘﻋرﺰﻣ ىﻟإ ةدﺎﻴﻘﻟﺎﺑ ﻢﻗ
Dialogue System/Item-Quest/2/Entry 4,اخرج من سيارة ميريام,مﺎﻳﺮﻴﻣ ةرﺎﻴﺳ ﻦﻣ جﺮﺧا
Dialogue System/Item-Quest/2/Entry 5,تحدث إلى ميريام,مﺎﻳﺮﻴﻣ ىﻟإ ثﺪﺤﺗ
Dialogue System/Item-Quest/3/Description,أعطتك ميريام المطرقة ومخطط الخيمة. حان دورك الآن لتشييد ملجأك وأخذ قسط من الراحة بعد رحلتك.,.ﻚﺘﻠﺣر ﺪﻌﺑ ﺔﺣاﺮﻟا ﻦﻣ ﻂﺴﻗ ﺬﺧأو كﺄﺠﻠﻣ ﺪﻴﻴﺸﺘﻟ نآﻟا كرود نﺎﺣ .ﺔﻤﻴﺨﻟا ﻂﻄﺨﻣو ﺔﻗﺮﻄﻤﻟا مﺎﻳﺮﻴﻣ ﻚﺘﻄﻋأ
Dialogue System/Item-Quest/3/Display Name,من المخطط إلى السرير,ﺮﻳﺮﺴﻟا ىﻟإ ﻂﻄﺨﻤﻟا ﻦﻣ
Dialogue System/Item-Quest/3/Entry 1,جهز مخطط الخيمة,ﺔﻤﻴﺨﻟا ﻂﻄﺨﻣ ﺰﻬﺟ
Dialogue System/Item-Quest/3/Entry 2,ضع مخطط خيمتك في أي مكان تريده,هﺪﻳﺮﺗ نﺎﻜﻣ يأ ﻲﻓ ﻚﺘﻤﻴﺧ ﻂﻄﺨﻣ ﻊﺿ
Dialogue System/Item-Quest/3/Entry 3,اطرق على مخطط الخيمة!,!ﺔﻤﻴﺨﻟا ﻂﻄﺨﻣ ىﻠﻋ قﺮﻃا
Dialogue System/Item-Quest/3/Entry 4,نم في الخيمة للراحة,ﺔﺣاﺮﻠﻟ ﺔﻤﻴﺨﻟا ﻲﻓ ﻢﻧ
Dialogue System/Item-Quest/4/Description,في يومك الأول، يتصل بك فيكتور للترحيب بك ويكشف عن المكان الذي خزنت فيه عائلته فأسًا ومعولًا قديمين.,.ﻦﻴﻤﻳﺪﻗ ﻻﻮﻌﻣو ﺎﺳﺄﻓ ﻪﺘﻠﺋﺎﻋ ﻪﻴﻓ ﺖﻧﺰﺧ يﺬﻟا نﺎﻜﻤﻟا ﻦﻋ ﻒﺸﻜﻳو ﻚﺑ ﺐﻴﺣﺮﺘﻠﻟ رﻮﺘﻜﻴﻓ ﻚﺑ ﻞﺼﺘﻳ ،لوﻷا ﻚﻣﻮﻳ ﻲﻓ
Dialogue System/Item-Quest/4/Display Name,الفأس، اختر و ترحيب!,!ﺐﻴﺣﺮﺗ و ﺮﺘﺧا ،سﺄﻔﻟا
Dialogue System/Item-Quest/4/Entry 1,اعثر على الفأس,سﺄﻔﻟا ىﻠﻋ ﺮﺜﻋا
Dialogue System/Item-Quest/4/Entry 2,اعثر على المعول,لﻮﻌﻤﻟا ىﻠﻋ ﺮﺜﻋا
Dialogue System/Item-Quest/4/Entry 3,اجمع 15 جذعًا خشبيًا,ﺎﻴﺒﺸﺧ ﺎﻋﺬﺟ 15 ﻊﻤﺟا
Dialogue System/Item-Quest/4/Entry 4,اجمع 15 حجرًا,اﺮﺠﺣ 15 ﻊﻤﺟا
Dialogue System/Item-Quest/5/Description,تتميز مزرعتك الآن بصندوق Ca$h-In، وهو رابطك المباشر إلى Ca$h-In Corp. اقترب منه وتفاعل معه وأودع أي عنصر تريد بيعه. أموال سهلة، مضمونة!,!ﺔﻧﻮﻤﻀﻣ ،ﺔﻠﻬﺳ لاﻮﻣأ .ﻪﻌﻴﺑ ﺪﻳﺮﺗ ﺮﺼﻨﻋ يأ عدوأو ﻪﻌﻣ ﻞﻋﺎﻔﺗو ﻪﻨﻣ بﺮﺘﻗا .Cash-In Corp ىﻟإ ﺮﺷﺎﺒﻤﻟا ﻚﻄﺑار ﻮﻫو ،Cash-In قوﺪﻨﺼﺑ نآﻟا ﻚﺘﻋرﺰﻣ ﺰﻴﻤﺘﺗ
Dialogue System/Item-Quest/5/Display Name,قم بالتسليم والربح، في اليوم التالي!,!ﻲﻟﺎﺘﻟا مﻮﻴﻟا ﻲﻓ ،ﺢﺑﺮﻟاو ﻢﻴﻠﺴﺘﻟﺎﺑ ﻢﻗ
Dialogue System/Item-Quest/5/Entry 1,قم بإيداع جذوع الأشجار والأحجار في صندوق Cash-In.,.Cash-In قوﺪﻨﺻ ﻲﻓ رﺎﺠﺣﻷاو رﺎﺠﺷﻷا عوﺬﺟ عاﺪﻳﺈﺑ ﻢﻗ
Dialogue System/Item-Quest/6/Description,يمكنك العثور على جيجي بالقرب من قطع أراضيها الزراعية التجريبية وسكوت بالقرب من خط سياج المزرعة. شارك المقدمات، واستمع إلى قصصهم، واستمتع بحكمتهم الترحيبية - تبدأ حياتك الجديدة في هارفيست هيلز بهذه الأدلة المحلية.,.ﺔﻴﻠﺤﻤﻟا ﺔﻟدﻷا هﺬﻬﺑ ﺰﻠﻴﻫ ﺖﺴﻴﻓرﺎﻫ ﻲﻓ ةﺪﻳﺪﺠﻟا ﻚﺗﺎﻴﺣ أﺪﺒﺗ - ﺔﻴﺒﻴﺣﺮﺘﻟا ﻢﻬﺘﻤﻜﺤﺑ ﻊﺘﻤﺘﺳاو ،ﻢﻬﺼﺼﻗ ىﻟإ ﻊﻤﺘﺳاو ،تﺎﻣﺪﻘﻤﻟا كرﺎﺷ .ﺔﻋرﺰﻤﻟا جﺎﻴﺳ ﻂﺧ ﻦﻣ بﺮﻘﻟﺎﺑ تﻮﻜﺳو ﺔﻴﺒﻳﺮﺠﺘﻟا ﺔﻴﻋارﺰﻟا ﺎﻬﻴﺿارأ ﻊﻄﻗ ﻦﻣ بﺮﻘﻟﺎﺑ ﻲﺠﻴﺟ ىﻠﻋ رﻮﺜﻌﻟا ﻚﻨﻜﻤﻳ
Dialogue System/Item-Quest/6/Display Name,الجيران المجاورون,نوروﺎﺠﻤﻟا ناﺮﻴﺠﻟا
Dialogue System/Item-Quest/6/Entry 1,التقِ بجيجي,ﻲﺠﻴﺠﺑ ﻖﺘﻟا
Dialogue System/Item-Quest/6/Entry 2,التقِ بسكوت,تﻮﻜﺴﺑ ﻖﺘﻟا
Dialogue System/Item-Quest/7/Description,أمسك مجرفتك الموثوقة وقم بإعداد عشرة أقسام من الأرض عن طريق حرث كل منها. اضغط على بذرة في كل أخدود، وانقعها جيدًا، وشاهد مستقبل مزرعتك يتجذر. يبدأ النجاح هنا في التربة!,!ﺔﺑﺮﺘﻟا ﻲﻓ ﺎﻨﻫ حﺎﺠﻨﻟا أﺪﺒﻳ .رﺬﺠﺘﻳ ﻚﺘﻋرﺰﻣ ﻞﺒﻘﺘﺴﻣ ﺪﻫﺎﺷو ،اﺪﻴﺟ ﺎﻬﻌﻘﻧاو ،دوﺪﺧأ ﻞﻛ ﻲﻓ ةرﺬﺑ ىﻠﻋ ﻂﻐﺿا .ﺎﻬﻨﻣ ﻞﻛ ثﺮﺣ ﻖﻳﺮﻃ ﻦﻋ ضرﻷا ﻦﻣ مﺎﺴﻗأ ةﺮﺸﻋ داﺪﻋﺈﺑ ﻢﻗو ﺔﻗﻮﺛﻮﻤﻟا ﻚﺘﻓﺮﺠﻣ ﻚﺴﻣأ
Dialogue System/Item-Quest/7/Display Name,بذور النجاح,حﺎﺠﻨﻟا روﺬﺑ
Dialogue System/Item-Quest/7/Entry 1,عد إلى مزرعتك,ﻚﺘﻋرﺰﻣ ىﻟإ ﺪﻋ
Dialogue System/Item-Quest/7/Entry 2,جهز مجرفتك,ﻚﺘﻓﺮﺠﻣ ﺰﻬﺟ
Dialogue System/Item-Quest/7/Entry 3,احرث التربة باستخدام مجرفتك,ﻚﺘﻓﺮﺠﻣ ماﺪﺨﺘﺳﺎﺑ ﺔﺑﺮﺘﻟا ثﺮﺣا
Dialogue System/Item-Quest/7/Entry 4,ازرع البذور,روﺬﺒﻟا عرزا
Dialogue System/Item-Quest/7/Entry 5,اسقِ البذور باستخدام إناء الري,يﺮﻟا ءﺎﻧإ ماﺪﺨﺘﺳﺎﺑ روﺬﺒﻟا ﻖﺳا
Dialogue System/Item-Quest/7/Entry 6,احصل على 16 قطعة أرض مزروعة,ﺔﻋورﺰﻣ ضرأ ﺔﻌﻄﻗ 16 ىﻠﻋ ﻞﺼﺣا
Dialogue System/Item-Quest/8/Description,تشارك جيجي نصيحة حيوية لحماية محاصيلك من الطيور الجائعة. اصنع الفزاعات لحماية مزرعتك وإبعاد هؤلاء الأعداء ذوي الريش!,!ﺶﻳﺮﻟا يوذ ءاﺪﻋﻷا ءﻻﺆﻫ دﺎﻌﺑإو ﻚﺘﻋرﺰﻣ ﺔﻳﺎﻤﺤﻟ تﺎﻋاﺰﻔﻟا ﻊﻨﺻا .ﺔﻌﺋﺎﺠﻟا رﻮﻴﻄﻟا ﻦﻣ ﻚﻠﻴﺻﺎﺤﻣ ﺔﻳﺎﻤﺤﻟ ﺔﻳﻮﻴﺣ ﺔﺤﻴﺼﻧ ﻲﺠﻴﺟ كرﺎﺸﺗ
Dialogue System/Item-Quest/8/Display Name,الأعداء ذوي الريش,ﺶﻳﺮﻟا يوذ ءاﺪﻋﻷا
Dialogue System/Item-Quest/8/Entry 1,اصنع فزاعتين,ﻦﻴﺘﻋاﺰﻓ ﻊﻨﺻا
Dialogue System/Item-Quest/8/Entry 2,ابنِ الفزاعتين,ﻦﻴﺘﻋاﺰﻔﻟا ﻦﺑا
Dialogue System/Item-Quest/9/Description,مزرعتك تخفي كنزًا منسيًا - سيارة فيكتور القديمة. اعمل على إصلاحها!,!ﺎﻬﺣﻼﺻإ ىﻠﻋ ﻞﻤﻋا .ﺔﻤﻳﺪﻘﻟا رﻮﺘﻜﻴﻓ ةرﺎﻴﺳ - ﺎﻴﺴﻨﻣ اﺰﻨﻛ ﻲﻔﺨﺗ ﻚﺘﻋرﺰﻣ
Dialogue System/Item-Quest/9/Display Name,من الصدأ إلى التشغيل بكامل قوتها!,!ﺎﻬﺗﻮﻗ ﻞﻣﺎﻜﺑ ﻞﻴﻐﺸﺘﻟا ىﻟإ أﺪﺼﻟا ﻦﻣ
Dialogue System/Item-Quest/9/Entry 1,وفر 3000 C على الأقل في البنك,ﻚﻨﺒﻟا ﻲﻓ ﻞﻗﻷا ىﻠﻋ C 3000 ﺮﻓو
Dialogue System/Item-Quest/9/Entry 2,إصلاح سيارة فيكتور القديمة,ﺔﻤﻳﺪﻘﻟا رﻮﺘﻜﻴﻓ ةرﺎﻴﺳ حﻼﺻإ
Dialogue System/Item-Quest/9/Entry 3,استأجر دراجة من Bykii,Bykii ﻦﻣ ﺔﺟارد ﺮﺟﺄﺘﺳا
Dialogue System/Item-Quest/9/Entry 4,استلم سيارتك الجديدة!,!ةﺪﻳﺪﺠﻟا ﻚﺗرﺎﻴﺳ ﻢﻠﺘﺳا
